{
  "version": "v1.0",
  "trained_at": "2026-04-14T02:57:55.221211",
  "models": {
    "match_result": {
      "model_name": "XGBoost",
      "accuracy": 0.8064516129032258,
      "cv_mean": 0.99,
      "cv_std": 0.020000000000000018,
      "train_size": 123,
      "test_size": 31,
      "feature_count": 151
    },
    "over_under_25": {
      "model_name": "RandomForest",
      "accuracy": 0.8709677419354839,
      "cv_mean": 0.9199999999999999,
      "cv_std": 0.08124038404635958,
      "train_size": 123,
      "test_size": 31,
      "feature_count": 151
    },
    "btts": {
      "model_name": "LightGBM",
      "accuracy": 0.9032258064516129,
      "cv_mean": 0.9,
      "cv_std": 0.07071067811865474,
      "train_size": 123,
      "test_size": 31,
      "feature_count": 151
    }
  }
}